total_trades,win_rate,max_drawdown,total_funding_collected,total_costs,final_equity,total_return_pct
37,0.0,0.018062995690203754,61.56979386075002,206.09801081636974,9860.096862198685,-1.3990313780131511
