total_trades,winning_trades,win_rate,max_drawdown,total_costs,final_equity,total_return_pct
4,2,0.5,0.13097089967098807,59.35101821841405,9879.295004377489,-1.2070499562251098
