total_trades,win_rate,max_drawdown,total_funding_collected,total_costs,final_equity,total_return_pct
1,0.0,0.013803386778103057,0.39590000000000036,6.016585495776578,11002.924398592151,10.02924398592151
